Commit ID,Files
0f3dbdf53322b57028ea0d0fe49a594ed83598e2,#('src/captors/mouse.ts')
154408adf4d5df12df88b8d137609327c99fada8,#('src/core/captors/mouse.ts')
507e74ab1283756ceb548d626affcc15ba39ebc1,#('src/rendering/canvas/edge-label.ts')
6c82de2a97e73c12ef6ab0f5e9036a412cca57db,#('plugins/sigma.layout.forceAtlas2/sigma.layout.forceAtlas2.js')
55f107ae7acb48bfcbcb25ae3781f628f3178d10,#('src/rendering/webgl/programs/node.image.ts')
bd667b2e0d3c9d633eb77178c997667f67e2343e,#('src/utils/index.ts' 'src/sigma.ts')
0c30563af11bf6a63eeaa44af3d442c5137778a7,#('src/sigma.ts')
2531ff61a068e87734a7eb60935296e2cca64fea,#('src/sigma.ts')
1559baabdecdcbe721f954d14e463f352f934b8b,#('src/sigma.ts')
bddca2888ddb5410da063c38162198bcd604af0c,#('src/sigma.ts')
f44fdba63a5f88826aee796674795c3d3e662061,#('src/sigma.ts')
b39e13ab0003193ed5da6cd19bb86507bf20044c,#('src/captors/mouse.ts')
15424148676fc4a40f64d7150b34d339a03dd743,#('src/core/graph.js')
6fbf53c6e26d304919bff0ef514ca5f94f27e092,#('/dev/null' 'examples/build.js')
6f20727f381f5657debc3322eaab55418ea959a0,#('src/rendering/webgl/programs/common/node.ts')
651e9811104d0193f4b741e2ccea8e574eb6475d,#('src/sigma.ts')
ced41eb65e11b098739ac596be056091e0bf0883,#('src/misc/sigma.misc.drawHovers.js')
f2262f58c13cc4dce9e2dc2acf9e3cfaa3ddf6f1,#('src/utils/sigma.utils.js' 'src/captors/sigma.captors.touch.js' 'src/captors/sigma.captors.mouse.js' 'src/renderers/sigma.renderers.webgl.js' 'src/renderers/sigma.renderers.canvas.js')
7d25687b3316557ae9d3e079a1cf6cb795cf1d21,#('src/rendering/webgl/programs/node.image.ts')
9e6ce2269844a8f35dbc66687319469997d82946,#('src/core/captors/mouse.ts')
ecd42ed94431e5e44540220e722fe8967d21fcfd,#('src/renderers/sigma.renderers.webgl.js')
04743f9e10cb4216de8f6d05cd8aa197102a1f29,#('src/core/camera.ts')
3f4852deac199b73a64049ee6e43cf3046b79f49,#('plugins/sigma.parsers.gexf/sigma.parsers.gexf.js')
04addb9ded2793dcda4401fb2ea5e3f7199cbaf3,#('src/rendering/webgl/shaders/node.vert.glsl')
ac8da7b6f11176ed59d60d08c8ef886e2fb6fb25,#('src/core/captors/mouse.ts')
50ccb8bd6876f117ccca0368d5abe33093a88c80,#('src/core/captors/touch.ts' 'src/sigma.ts')
624859a467578a2cd21e265096c589665dd788be,#('src/core/camera.ts')
42a5b3108ffca3cccd30d4af695d80a5192ee988,#('src/rendering/webgl/programs/edge.fast.ts')
4baea75f6cd7045a7e9eacd9ebb0c0b4094b78f7,#('src/sigma.ts' 'src/core/captors/captor.ts')
e4f224b4217c5bf6aaa666c61d2289d6daacabfb,#('src/renderers/sigma.renderers.canvas.js')
6cdaf9a9ffe77d6a51f4a6beb87b92dfae07b82b,#('src/core/quadtree.ts')
08a6b24aa0cf527f52ea38040fed0d46fb1ad484,#('examples/mouse-manipulations/index.ts' 'src/core/captors/mouse.ts')
7bd4b61f4f892c3531582436cd3213a2a8ef6b52,#('src/middlewares/sigma.middlewares.rescale.js')
2f6f7ebedab38be62b23f53d646acebf90829fba,#('src/sigma.ts')
6fb5149b277b30e791b683b546fb7296bd9c0908,#('src/core/camera.ts')
7a1e123ded68521ce0b79756c7dbef13255f003d,#('src/rendering/webgl/programs/node.ts')
8036d6041be2e18cc32041b30c662537b54f6cb5,#('src/core/captors/touch.ts' 'src/core/captors/captor.ts' 'src/core/captors/mouse.ts' 'examples/mouse-manipulations/index.html')
b4df06e5ead72298ba790d035ec56d3e96d71927,#('website/index.html')
cfd9197f70319109db6b675dd7c82be493ca95a2,#('src/core/captors/mouse.ts')
2295f5f876bc51bf4322a25b3857bf7400c9689c,#('src/rendering/webgl/shaders/node.image.frag.glsl' 'src/rendering/webgl/shaders/edge.frag.glsl' 'src/rendering/webgl/shaders/node.fast.frag.glsl')
4f99be7fb901b7ae453b28521307f76b8b53eed0,#('src/utils/sigma.utils.js' 'src/captors/sigma.captors.touch.js')
c7cd9520bcc41da5a44ff917e6acd2316a9c53c5,#('plugins/sigma.layout.forceAtlas2/supervisor.js')
dc5c57060b74157558c3d894bb6275de898ccf0d,#('src/sigma.ts' 'src/types.ts')
984eb8c316c1b935e8eda1adfad36fe9ba4c3652,#('src/core/quadtree.ts')
